region,year,frp_mw_sampled,frp_scaled_mw,est_detections,fre_proxy_tj,dry_matter_kt,co2e_mt
amazon,2000,170159,2616135.9014084507,4802,4709.0,1050.1,1.69
amazon,2001,2379592,36533386.085215814,70238,65760.1,14664.5,23.65
amazon,2002,2330169,35690449.93582613,77784,64242.8,14326.1,23.11
amazon,2003,2549135,38840817.43713605,85419,69913.5,15590.7,25.15
amazon,2004,5631103,85968631.29106076,157031,154743.5,34507.8,55.66
amazon,2005,5201096,79710301.8111538,136897,143478.5,31995.7,51.61
amazon,2006,3493435,53230932.48877448,89396,95815.7,21366.9,34.46
amazon,2007,4439823,67383810.07070707,124545,121290.9,27047.9,43.63
amazon,2008,1840672,28108314.084356777,55466,50595.0,11282.7,18.2
amazon,2009,1313440,19983237.858585857,43129,35969.8,8021.3,12.94
amazon,2010,4747724,72602968.40720119,118578,130685.3,29142.8,47.01
amazon,2011,1298713,19752912.19429051,40382,35555.2,7928.8,12.79
amazon,2012,11254193,172111386.71495742,837370,309800.5,69085.5,111.43
amazon,2013,5695868,86597217.89656812,434128,155875.0,34760.1,56.07
amazon,2014,8423637,129033733.9217922,657153,232260.7,51794.1,83.54
amazon,2015,12919882,197025825.1693941,1034480,354646.5,79086.2,127.57
amazon,2016,10961065,167174468.29976285,765645,300914.0,67103.8,108.24
amazon,2017,11807153,180585529.0050153,907905,325054.0,72487.0,116.92
amazon,2018,7372957,111671497.01187985,518760,201008.7,44824.9,72.3
amazon,2019,10958556,166794666.2524271,685801,300230.4,66951.4,107.99
amazon,2020,24167988,369221422.68829894,1860724,664598.6,148205.5,239.06
amazon,2021,21853219,334909254.007974,1488898,602836.7,134432.6,216.84
amazon,2022,26414835,402787331.76369095,1841693,725017.2,161678.8,260.79
amazon,2023,17932618,274279510.3870749,1521616,493703.1,110095.8,177.58
amazon,2024,32561827,496726112.68985283,2610916,894107.0,199385.9,321.61
amazon,2025,7629573,116278541.65156864,654744,209301.4,46674.2,75.29
amazon,2026,1115451,17135106.038127024,71934,30843.2,6878.0,11.09
australia,2000,1565446,23762550.114202052,32232,42772.6,9538.3,15.39
australia,2001,16979647,259170306.95092452,258953,466506.6,104031.0,167.8
australia,2002,13132573,200710534.64010417,203997,361279.0,80565.2,129.95
australia,2003,5354632,81858217.95149998,97800,147344.8,32857.9,53.0
australia,2004,7979833,122266464.0508864,132487,220079.6,49077.8,79.16
australia,2005,3051307,46302024.3426501,72148,83343.6,18585.6,29.98
australia,2006,7233412,110311174.48452066,131029,198560.1,44278.9,71.42
australia,2007,6813430,103487662.22048648,123797,186277.8,41539.9,67.0
australia,2008,4969854,76300493.8721698,96341,137340.9,30627.0,49.4
australia,2009,6246610,95564017.99720296,125100,172015.2,38359.4,61.87
australia,2010,2414069,36663438.25976179,59172,65994.2,14716.7,23.74
australia,2011,13897240,211345869.89288592,184403,380422.6,84834.2,136.84
australia,2012,61869081,948399166.2076244,2974245,1707118.5,380687.4,614.05
australia,2013,19803573,303186986.66790825,1224269,545736.6,121699.3,196.3
australia,2014,22988341,350542123.83986926,1479205,630975.8,140707.6,226.96
australia,2015,18059000,274612859.0776919,1281087,494303.1,110229.6,177.8
australia,2016,11703993,178962753.33503693,910663,322133.0,71835.7,115.87
australia,2017,23866388,363363881.3676619,1366240,654055.0,145854.3,235.26
australia,2018,25654031,391937686.973265,1557703,705487.8,157323.8,253.76
australia,2019,38079086,573924941.322667,1999234,1033064.9,230373.5,371.59
australia,2020,25927509,395486611.2795866,1477659,711875.9,158748.3,256.06
australia,2021,22530848,344790713.911407,1901152,620623.3,138399.0,223.24
australia,2022,22029531,336190331.40929794,2026080,605142.6,134946.8,217.67
australia,2023,74468959,1139804838.947728,4644625,2051648.7,457517.7,737.98
australia,2024,30898334,471361112.1923037,2526290,848450.0,189204.4,305.19
australia,2025,37800609,580764025.4006767,2944170,1045375.2,233118.7,376.02
australia,2026,8709464,133695331.35354415,575200,240651.6,53665.3,86.56
bangladesh,2000,310,4960.0,16,8.9,2.0,0.0
bangladesh,2001,87594,1339088.9220779222,2641,2410.4,537.5,0.87
bangladesh,2002,40871,621676.3,998,1119.0,249.5,0.4
bangladesh,2003,59899,912640.2,1526,1642.8,366.3,0.59
bangladesh,2004,106668,1653803.4746835441,1348,2976.8,663.8,1.07
bangladesh,2005,53400,817589.0,1255,1471.7,328.2,0.53
bangladesh,2006,68813,1060478.8333333333,1852,1908.9,425.7,0.69
bangladesh,2007,61284,946549.0,2254,1703.8,379.9,0.61
bangladesh,2008,74623,1120124.7,2736,2016.2,449.6,0.73
bangladesh,2009,78288,1197241.0,4544,2155.0,480.6,0.78
bangladesh,2010,101585,1570067.5784313725,2791,2826.1,630.2,1.02
bangladesh,2011,28789,439378.41333333333,1539,790.9,176.4,0.28
bangladesh,2012,398484,6156201.885103785,29396,11081.2,2471.1,3.99
bangladesh,2013,602619,9240871.537171038,47261,16633.6,3709.3,5.98
bangladesh,2014,789147,12034861.184210526,88718,21662.8,4830.8,7.79
bangladesh,2015,374357,5749489.692811231,36306,10349.1,2307.8,3.72
bangladesh,2016,329660,5003810.477499256,29836,9006.9,2008.5,3.24
bangladesh,2017,94636,1432621.9783215176,12780,2578.7,575.1,0.93
bangladesh,2018,658892,10184485.759201283,35047,18332.1,4088.1,6.59
bangladesh,2019,390534,6007023.683920265,27178,10812.6,2411.2,3.89
bangladesh,2020,173368,2629175.421926569,22505,4732.5,1055.3,1.7
bangladesh,2021,1727032,26573661.67471168,96224,47832.6,10666.7,17.21
bangladesh,2022,1355568,20707555.97496403,73862,37273.6,8312.0,13.41
bangladesh,2023,1282393,19336869.65678497,99709,34806.4,7761.8,12.52
bangladesh,2024,609749,9308256.188618965,40972,16754.9,3736.3,6.03
bangladesh,2025,694783,10677473.392451994,47578,19219.5,4285.9,6.91
bangladesh,2026,184457,2766160.1386861317,15095,4979.1,1110.3,1.79
borneo,2000,12178,188194.0,756,338.7,75.5,0.12
borneo,2001,346645,5340461.244719219,16222,9612.8,2143.7,3.46
borneo,2002,1145008,17450487.000882197,41131,31410.9,7004.6,11.3
borneo,2003,516236,7832852.262072632,21567,14099.1,3144.1,5.07
borneo,2004,767425,11668695.16957773,26205,21003.7,4683.8,7.55
borneo,2005,1254998,18480566.49753567,27178,33265.0,7418.1,11.97
borneo,2006,1070701,16281087.198765691,38626,29306.0,6535.2,10.54
borneo,2007,210976,3218797.294871795,9002,5793.8,1292.0,2.08
borneo,2008,202466,3104800.7275362317,6805,5588.6,1246.3,2.01
borneo,2009,1080889,16453692.73723521,38518,29616.6,6604.5,10.65
borneo,2010,96782,1468107.8115771296,5175,2642.6,589.3,0.95
borneo,2011,451740,6825638.700410988,16353,12286.1,2739.8,4.42
borneo,2012,2545109,39011158.58746385,265123,70220.1,15659.1,25.26
borneo,2013,3871494,58877342.5902841,312811,105979.2,23633.4,38.12
borneo,2014,4432669,67123583.91569692,458318,120822.5,26943.4,43.46
borneo,2015,10992141,167346263.40375745,1030184,301223.3,67172.8,108.35
borneo,2016,791313,12054608.861810924,100361,21698.3,4838.7,7.8
borneo,2017,644346,9846206.842784861,69254,17723.2,3952.3,6.38
borneo,2018,1452051,22228207.67591408,136714,40010.8,8922.4,14.39
borneo,2019,4789415,72525328.70229182,445979,130545.6,29111.7,46.96
borneo,2020,1283014,19733903.367691558,153357,35521.0,7921.2,12.78
borneo,2021,741529,11196330.85805774,98823,20153.4,4494.2,7.25
borneo,2022,497315,7577614.260199737,66421,13639.7,3041.7,4.91
borneo,2023,1965384,29975812.87878918,241058,53956.5,12032.3,19.41
borneo,2024,920199,13974168.63457784,121882,25153.5,5609.2,9.05
borneo,2025,1723958,26248652.56717501,190718,47247.6,10536.2,16.99
borneo,2026,790599,12115349.1586211,63980,21807.6,4863.1,7.84
california,2000,14099,213765.0,545,384.8,85.8,0.14
california,2001,156769,2385184.265079365,3595,4293.3,957.4,1.54
california,2002,1228063,19024357.97613282,5859,34243.8,7636.4,12.32
california,2003,248922,3818600.1904761903,4252,6873.5,1532.8,2.47
california,2004,110010,1680496.1489191558,3499,3024.9,674.6,1.09
california,2005,113632,1723015.0,3044,3101.4,691.6,1.12
california,2006,310265,4692015.700970201,5346,8445.6,1883.4,3.04
california,2007,2748156,42487514.45792379,16390,76477.5,17054.5,27.51
california,2008,1113696,17146484.659490537,14725,30863.7,6882.6,11.1
california,2009,390060,6003348.281818182,3445,10806.0,2409.7,3.89
california,2010,42791,657685.8574846206,1512,1183.8,264.0,0.43
california,2011,36659,561562.0158730159,1116,1010.8,225.4,0.36
california,2012,2079249,32135041.95029786,71538,57843.1,12899.0,20.81
california,2013,4086420,63206559.460071385,75139,113771.8,25371.1,40.92
california,2014,539579,8274913.43361931,45001,14894.8,3321.5,5.36
california,2015,1221884,18642844.888033908,63439,33557.1,7483.2,12.07
california,2016,1307783,20141619.5148466,46386,36254.9,8084.8,13.04
california,2017,1593851,24638613.25096284,73607,44349.5,9889.9,15.95
california,2018,6480488,99555343.85815875,144025,179199.6,39961.5,64.46
california,2019,1050286,15897263.348660449,47790,28615.1,6381.2,10.29
california,2020,30849801,464918675.1381096,744958,836853.6,186618.4,301.02
california,2021,11954517,182827828.37350678,508805,329090.1,73387.1,118.37
california,2022,1619636,24383196.77282797,79430,43889.8,9787.4,15.79
california,2023,577001,8775193.627162755,88160,15795.3,3522.4,5.68
california,2024,2230882,34200758.953450054,111472,61561.4,13728.2,22.14
california,2025,4610387,70692364.19128066,150475,127246.3,28375.9,45.77
california,2026,307188,4687844.6981455,19371,8438.1,1881.7,3.04
canada,2000,21900,328500.0,630,591.3,131.9,0.21
canada,2001,88327,1353044.7222222222,2803,2435.5,543.1,0.88
canada,2002,1384161,21015714.814719435,8253,37828.3,8435.7,13.61
canada,2003,1127574,17244868.0492915,9452,31040.8,6922.1,11.17
canada,2004,1855405,28499290.160501312,31206,51298.7,11439.6,18.45
canada,2005,1273928,19524412.954491567,9859,35143.9,7837.1,12.64
canada,2006,1489388,22538690.146051094,11786,40569.6,9047.0,14.59
canada,2007,1135172,17492167.26190476,9556,31485.9,7021.4,11.33
canada,2008,1074837,16496201.23880597,11843,29693.2,6621.6,10.68
canada,2009,189881,2932568.931428571,3221,5278.6,1177.1,1.9
canada,2010,1160701,17776393.0107495,16797,31997.5,7135.4,11.51
canada,2011,1391968,21045923.80282038,13272,37882.7,8447.8,13.63
canada,2012,2526930,38713274.522909,138186,69683.9,15539.5,25.07
canada,2013,6178099,94774872.16518146,216807,170594.8,38042.6,61.36
canada,2014,7930415,122796359.69461755,371541,221033.4,49290.4,79.51
canada,2015,11025788,170364412.379168,330897,306655.9,68384.3,110.3
canada,2016,793152,12103952.027569411,47013,21787.1,4858.5,7.84
canada,2017,6963495,106757639.64517105,336630,192163.8,42852.5,69.12
canada,2018,16441338,254675423.8106346,682912,458415.8,102226.7,164.89
canada,2019,3727089,57709242.03880435,180357,103876.6,23164.5,37.36
canada,2020,791660,12144201.1700215,45298,21859.6,4874.7,7.86
canada,2021,5514154,85212283.28818758,301319,153382.1,34204.2,55.17
canada,2022,6092225,94224555.60766236,357630,169604.2,37821.7,61.01
canada,2023,67216309,1024300864.7263755,3462907,1843741.6,411154.4,663.19
canada,2024,30552496,472310427.3607788,1859175,850158.8,189585.4,305.8
canada,2025,20190849,307917397.2965965,1059554,554251.3,123598.0,199.36
canada,2026,9020421,139735251.2141078,409705,251523.5,56089.7,90.47
congo,2000,1517090,23358233.5,37693,42044.8,9376.0,15.12
congo,2001,7206883,109628232.56161955,200239,197330.8,44004.8,70.98
congo,2002,5896023,89445998.64445029,149678,161002.8,35903.6,57.91
congo,2003,6227955,95074267.97427261,182872,171133.7,38162.8,61.56
congo,2004,7455983,113709913.44654676,206763,204677.8,45643.1,73.62
congo,2005,7631667,117206921.35464886,217481,210972.5,47046.9,75.89
congo,2006,6890695,105393004.23774587,154231,189707.4,42304.8,68.24
congo,2007,6677877,102546539.49759723,195782,184583.8,41162.2,66.39
congo,2008,4190831,63973351.35989273,113340,115152.0,25678.9,41.42
congo,2009,6379906,97956487.9697617,186895,176321.7,39319.7,63.42
congo,2010,5707604,87258545.28527918,167644,157065.4,35025.6,56.5
congo,2011,5475483,84046137.60259679,153457,151283.0,33736.1,54.42
congo,2012,26956448,412395434.06653684,2326649,742311.8,165535.5,267.01
congo,2013,35452023,538957192.1294448,2992531,970122.9,216337.4,348.95
congo,2014,32583606,496984756.94327676,2914651,894572.6,199489.7,321.78
congo,2015,43190011,663223957.079178,3758988,1193803.1,266218.1,429.41
congo,2016,40966425,627248970.6383805,3509877,1129048.1,251777.7,406.12
congo,2017,36657875,556702745.8665485,3053339,1002064.9,223460.5,360.44
congo,2018,38629162,591014725.6042875,3489580,1063826.5,237233.3,382.66
congo,2019,31125306,474705094.9504484,2801824,854469.2,190546.6,307.35
congo,2020,71521036,1087312227.7787454,6876502,1957162.0,436447.1,703.99
congo,2021,61633127,933240183.6372945,5976054,1679832.3,374602.6,604.23
congo,2022,58728531,889747544.2129245,5808079,1601545.6,357144.7,576.07
congo,2023,57900558,880793413.8270009,5637377,1585428.1,353550.5,570.28
congo,2024,64820884,990399713.5782381,6590116,1782719.5,397546.4,641.24
congo,2025,46042010,699700693.0341977,4740539,1259461.2,280859.8,453.03
congo,2026,17296061,263588589.76748377,1665624,474459.5,105804.5,170.66
mediterranean,2000,8364,127519.0,485,229.5,51.2,0.08
mediterranean,2001,828080,12711252.609731877,22737,22880.3,5102.3,8.23
mediterranean,2002,329361,5049605.079490012,13734,9089.3,2026.9,3.27
mediterranean,2003,593758,9086463.597198918,21692,16355.6,3647.3,5.88
mediterranean,2004,518825,7972544.937229437,21097,14350.6,3200.2,5.16
mediterranean,2005,595890,9154582.472823534,20360,16478.2,3674.6,5.93
mediterranean,2006,586016,9008866.704487765,17789,16216.0,3616.2,5.83
mediterranean,2007,760073,11725213.867291179,26637,21105.4,4706.5,7.59
mediterranean,2008,611536,9398047.20209269,24254,16916.5,3772.4,6.08
mediterranean,2009,1055586,16272771.668377535,25386,29291.0,6531.9,10.54
mediterranean,2010,416495,6390224.45381372,14060,11502.4,2565.0,4.14
mediterranean,2011,533156,8146792.1054800935,23424,14664.2,3270.1,5.27
mediterranean,2012,3801836,58405637.55838088,371494,105130.1,23444.0,37.82
mediterranean,2013,2154242,33109864.582819305,260607,59597.8,13290.3,21.44
mediterranean,2014,2089043,31896859.858505525,255119,57414.3,12803.4,20.65
mediterranean,2015,1997313,30684806.092954133,235590,55232.7,12316.9,19.87
mediterranean,2016,2109730,32390382.627074722,252138,58302.7,13001.5,20.97
mediterranean,2017,2990828,45944366.07189991,293189,82699.9,18442.1,29.75
mediterranean,2018,1114610,17052269.496269524,202418,30694.1,6844.8,11.04
mediterranean,2019,1661526,25349054.436338983,245702,45628.3,10175.1,16.41
mediterranean,2020,3230705,49379735.42010018,474104,88883.5,19821.0,31.97
mediterranean,2021,3754652,57469162.091389544,438692,103444.5,23068.1,37.21
mediterranean,2022,2664056,40676963.4130994,397214,73218.5,16327.7,26.34
mediterranean,2023,7353293,113441449.8430979,466622,204194.6,45535.4,73.45
mediterranean,2024,1799344,27420457.488755833,361896,49356.8,11006.6,17.75
mediterranean,2025,3488476,53480547.675482586,449408,96265.0,21467.1,34.63
mediterranean,2026,2278857,35110826.50687222,147511,63199.5,14093.5,22.73
siberia,2000,0,0.0,0,0.0,0.0,0.0
siberia,2001,1796723,27465678.976735733,35961,49438.2,11024.7,17.78
siberia,2002,5401186,82867699.85699388,128272,149161.9,33263.1,53.65
siberia,2003,12155994,186798230.14801866,232673,336236.8,74980.8,120.94
siberia,2004,162429,2494042.5,5417,4489.3,1001.1,1.61
siberia,2005,3888663,60214818.04228856,54340,108386.7,24170.2,38.99
siberia,2006,5882203,91125842.19347326,91870,164026.5,36577.9,59.0
siberia,2007,1787766,27366216.776116617,39741,49259.2,10984.8,17.72
siberia,2008,2204684,33585183.5,60485,60453.3,13481.1,21.75
siberia,2009,1955467,30057613.495452378,41407,54103.7,12065.1,19.46
siberia,2010,704410,10776486.166298343,16439,19397.7,4325.7,6.98
siberia,2011,3166450,48708662.36004715,76928,87675.6,19551.7,31.54
siberia,2012,11869123,182718401.31621397,779794,328893.1,73343.2,118.3
siberia,2013,9811556,149689454.77915728,531265,269441.0,60085.3,96.92
siberia,2014,21751471,335833557.17000854,966766,604500.4,134803.6,217.44
siberia,2015,18966649,293047386.0157399,1029811,527485.3,117629.2,189.74
siberia,2016,14674405,226525790.63996783,895428,407746.4,90927.4,146.67
siberia,2017,22354190,342693288.07869226,1226992,616847.9,137557.1,221.88
siberia,2018,10018857,154576437.80075178,600210,278237.6,62047.0,100.08
siberia,2019,20135829,311199414.85348773,1450632,560158.9,124915.4,201.49
siberia,2020,14840395,227548423.2140302,1585748,409587.2,91337.9,147.33
siberia,2021,82589619,1278329108.8002152,4365903,2300992.4,513121.3,827.66
siberia,2022,8277318,127566061.00476496,761269,229618.9,51205.0,82.59
siberia,2023,7464677,115305627.75588341,789194,207550.1,46283.7,74.66
siberia,2024,37675559,581634514.0169853,2910646,1046942.1,233468.1,376.58
siberia,2025,11054982,170155928.55798566,761181,306280.7,68300.6,110.17
siberia,2026,3054396,47064130.866543725,130369,84715.4,18891.5,30.47
