complex_id,rank,class,detections,total_frp_mw,mean_frp_mw,max_frp_mw,mean_confidence,sensors,region,centroid_lat,centroid_lon,bbox_w,bbox_s,bbox_e,bbox_n,active_days,night_fraction
55,1,megafire,50270,721698.2,14.4,486.4,61.5,MODIS-Aqua+MODIS-Terra+VIIRS-NOAA20+VIIRS-NOAA21+VIIRS-SNPP,borneo,-2.5792,113.0609,108.0014,-4.94995,119.99861,2.98817,5,0.311
29,2,megafire,44503,450964.4,10.1,193.8,58.0,MODIS-Aqua+MODIS-Terra+VIIRS-NOAA20+VIIRS-NOAA21+VIIRS-SNPP,congo,-4.6216,22.2017,10.53229,-6.99996,31.99967,5.78353,5,0.061
0,3,megafire,37235,431910.5,11.6,175.7,59.5,MODIS-Aqua+MODIS-Terra+VIIRS-NOAA20+VIIRS-NOAA21+VIIRS-SNPP,amazon,-5.8076,-57.839,-73.97926,-9.99992,-50.00004,-0.80085,5,0.306
2,4,megafire,4364,32549.3,7.5,38.9,58.0,MODIS-Aqua+MODIS-Terra+VIIRS-NOAA20+VIIRS-NOAA21+VIIRS-SNPP,amazon,2.9096,-57.569,-73.68163,-0.45299,-50.0386,4.99898,5,0.126
15,5,smoldering,15,3302.2,220.1,254.7,76.1,MODIS-Aqua+MODIS-Terra+VIIRS-NOAA21+VIIRS-SNPP,amazon,-2.8822,-55.1254,-57.82037,-2.91771,-50.46354,-2.8229,3,0.2
1,6,smoldering,16,3284.5,205.3,219.4,49.4,MODIS-Terra+VIIRS-NOAA20+VIIRS-NOAA21+VIIRS-SNPP,amazon,-6.5374,-59.5545,-60.01895,-6.80612,-58.84929,-6.30004,3,0.0
41,7,smoldering,13,2716.2,208.9,218.9,48.5,VIIRS-NOAA20+VIIRS-NOAA21+VIIRS-SNPP,congo,-4.1207,16.7581,13.18597,-4.3794,17.5218,-3.82931,4,0.0
6,8,smoldering,10,2495.7,249.6,256.8,52.0,MODIS-Aqua+VIIRS-NOAA20+VIIRS-NOAA21,amazon,-6.7686,-59.4077,-62.96793,-7.05095,-58.85046,-6.68618,3,0.0
36,9,smoldering,8,2205.5,275.7,293.9,64.8,MODIS-Aqua+VIIRS-NOAA20+VIIRS-SNPP,congo,-5.4898,15.6234,15.10747,-5.76573,16.09474,-5.12115,2,0.0
19,10,smoldering,12,2146.7,178.9,194.0,66.8,MODIS-Aqua+VIIRS-NOAA21+VIIRS-SNPP,amazon,-3.744,-55.951,-60.62869,-4.05111,-54.0487,-3.39818,4,0.0
39,11,smoldering,12,2096.3,174.7,204.6,67.5,VIIRS-NOAA20+VIIRS-NOAA21+VIIRS-SNPP,congo,-5.362,28.6055,26.37283,-5.69804,29.22172,-5.24907,4,0.0
37,12,smoldering,15,1927.1,128.5,142.1,62.1,MODIS-Aqua+VIIRS-NOAA20+VIIRS-NOAA21,congo,-4.3457,17.0006,14.79975,-4.76992,17.69621,-4.14693,3,0.0
21,13,smoldering,12,1808.9,150.7,172.4,72.8,MODIS-Aqua+VIIRS-NOAA20+VIIRS-NOAA21+VIIRS-SNPP,amazon,-1.6748,-56.0187,-61.40359,-1.89262,-50.61073,-1.56911,4,0.0
38,14,smoldering,7,1603.7,229.1,243.0,65.7,MODIS-Aqua+VIIRS-NOAA21+VIIRS-SNPP,congo,-6.5385,14.3812,12.96971,-6.85111,16.50019,-6.41239,3,0.0
34,15,smoldering,10,1566.8,156.7,172.4,54.7,MODIS-Aqua+VIIRS-NOAA21+VIIRS-SNPP,congo,-3.775,15.797,13.7052,-3.89083,16.28176,-3.43775,2,0.0
12,16,smoldering,8,1517.3,189.7,192.3,57.5,MODIS-Aqua+VIIRS-NOAA20+VIIRS-NOAA21,amazon,-9.1507,-60.5903,-60.79205,-9.28933,-60.35715,-8.79986,3,0.0
33,17,smoldering,7,1514.6,216.4,219.3,65.1,MODIS-Aqua+VIIRS-NOAA20+VIIRS-SNPP,congo,-5.5647,15.6654,15.0202,-5.5714,16.08544,-5.54445,3,0.0
58,18,smoldering,30,1493.6,49.8,66.1,64.5,MODIS-Aqua+MODIS-Terra+VIIRS-NOAA20+VIIRS-NOAA21+VIIRS-SNPP,borneo,2.3496,117.8293,117.09731,2.10641,117.9564,2.67094,4,0.1
16,19,smoldering,8,1472.0,184.0,192.5,37.5,VIIRS-NOAA20+VIIRS-NOAA21+VIIRS-SNPP,amazon,-9.5562,-66.6034,-70.45843,-9.56693,-66.04929,-9.50558,2,0.0
13,20,smoldering,11,1410.8,128.3,143.7,54.5,VIIRS-NOAA20+VIIRS-NOAA21+VIIRS-SNPP,amazon,-7.6347,-59.6138,-63.38509,-7.81574,-57.67142,-7.52277,3,0.0
40,21,smoldering,6,1042.5,173.7,178.6,60.0,VIIRS-NOAA20+VIIRS-NOAA21,congo,-5.3292,15.37,14.42491,-5.59042,15.59796,-5.17239,3,0.0
23,22,smoldering,6,1025.6,170.9,179.6,91.2,MODIS-Aqua+MODIS-Terra+VIIRS-SNPP,amazon,-8.1778,-55.9456,-61.38064,-8.42656,-54.72787,-8.03636,3,0.167
42,23,smoldering,6,850.2,141.7,147.4,51.7,MODIS-Aqua+VIIRS-NOAA20,congo,-6.0929,28.2468,26.03667,-6.33482,28.79491,-6.00729,2,0.0
8,24,smoldering,11,781.5,71.0,75.7,62.7,VIIRS-NOAA20+VIIRS-NOAA21,amazon,-5.1246,-55.6252,-56.1066,-5.30811,-50.91381,-4.87989,2,0.0
35,25,smoldering,16,778.6,48.7,52.2,62.0,MODIS-Aqua+VIIRS-NOAA20+VIIRS-NOAA21+VIIRS-SNPP,congo,-1.4477,29.3579,25.3298,-1.65483,31.31027,-1.25562,3,0.75
7,26,smoldering,7,777.3,111.0,114.8,55.7,VIIRS-NOAA20+VIIRS-NOAA21,amazon,-5.1591,-56.0733,-56.10138,-5.31098,-55.94204,-5.00728,2,0.0
10,27,smoldering,12,671.8,56.0,60.2,65.0,MODIS-Aqua+MODIS-Terra+VIIRS-NOAA20+VIIRS-NOAA21+VIIRS-SNPP,amazon,1.2925,-52.3483,-56.07569,1.16005,-50.76142,1.5624,4,0.083
24,28,smoldering,6,647.5,107.9,116.1,76.2,MODIS-Aqua+VIIRS-NOAA20+VIIRS-SNPP,amazon,-1.5799,-54.7401,-55.57237,-1.60948,-54.43811,-1.55571,3,0.0
18,29,smoldering,7,611.0,87.3,99.1,62.1,MODIS-Aqua+MODIS-Terra+VIIRS-NOAA21+VIIRS-SNPP,amazon,-4.4735,-55.2686,-56.08696,-4.51561,-54.97239,-4.36163,3,0.143
27,30,smoldering,9,585.5,65.1,71.4,56.6,MODIS-Terra+VIIRS-NOAA20,amazon,1.5578,-55.8223,-56.10201,1.43836,-55.78463,1.57542,2,0.0
48,31,smoldering,9,573.2,63.7,64.8,66.7,VIIRS-NOAA20+VIIRS-NOAA21+VIIRS-SNPP,congo,-1.4078,29.2049,29.20057,-1.41737,29.20916,-1.40243,2,0.889
4,32,smoldering,13,539.2,41.5,46.1,48.3,MODIS-Aqua+VIIRS-NOAA20+VIIRS-NOAA21+VIIRS-SNPP,amazon,2.7292,-60.3433,-61.25541,2.70971,-59.85006,2.84263,4,0.0
46,33,smoldering,14,528.4,37.7,43.1,57.7,MODIS-Aqua+VIIRS-NOAA20+VIIRS-SNPP,congo,-2.6407,28.2065,25.68471,-2.89499,31.43413,-2.39087,2,0.0
47,34,smoldering,15,443.1,29.5,32.3,59.7,MODIS-Aqua+VIIRS-NOAA20+VIIRS-NOAA21+VIIRS-SNPP,congo,-1.3722,26.4514,16.94136,-1.71741,31.51137,-1.06198,4,0.0
14,35,smoldering,13,400.9,30.8,33.7,52.9,MODIS-Aqua+VIIRS-NOAA20+VIIRS-NOAA21+VIIRS-SNPP,amazon,3.7972,-59.3522,-60.48527,3.64518,-54.02347,4.0443,4,0.0
25,36,smoldering,6,361.6,60.3,63.6,71.0,MODIS-Aqua+VIIRS-SNPP,amazon,0.7716,-59.2631,-59.55838,0.69131,-59.20079,0.78855,2,0.0
50,37,smoldering,10,346.4,34.6,35.4,69.0,VIIRS-NOAA20+VIIRS-NOAA21,congo,-1.4399,29.0494,25.53786,-1.65364,31.30706,-1.40615,2,0.8
20,38,smoldering,6,257.9,43.0,43.6,63.5,MODIS-Terra+VIIRS-SNPP,amazon,1.1491,-51.0517,-51.1465,1.04709,-50.92945,1.25881,2,0.333
17,39,smoldering,9,236.4,26.3,27.9,53.3,VIIRS-NOAA20+VIIRS-NOAA21+VIIRS-SNPP,amazon,2.8407,-60.3477,-64.24512,2.7188,-54.25502,3.14015,5,0.0
61,40,smoldering,13,189.7,14.6,17.4,57.7,VIIRS-SNPP,borneo,4.9213,118.284,118.20336,4.88691,118.32816,4.94899,1,0.0
44,41,smoldering,7,176.7,25.2,28.3,57.7,MODIS-Aqua+VIIRS-NOAA20+VIIRS-SNPP,congo,-0.6746,17.3272,15.59778,-0.81672,18.71872,-0.63994,3,0.0
60,42,smoldering,9,132.4,14.7,16.4,56.7,VIIRS-NOAA20+VIIRS-NOAA21+VIIRS-SNPP,borneo,1.5243,118.0466,117.96487,1.39377,118.21045,1.61456,1,0.0
51,43,smoldering,8,124.4,15.5,17.5,60.0,VIIRS-NOAA20+VIIRS-NOAA21+VIIRS-SNPP,congo,1.7154,30.8928,30.08887,1.42435,31.44818,1.84821,1,0.0
49,44,smoldering,11,119.0,10.8,12.3,60.0,VIIRS-NOAA20+VIIRS-NOAA21,congo,1.7629,20.4768,19.77875,1.68497,21.78521,1.80651,2,0.0
62,45,smoldering,6,117.0,19.5,20.8,72.5,MODIS-Aqua+MODIS-Terra+VIIRS-NOAA21+VIIRS-SNPP,borneo,1.439,118.1912,118.11722,1.39254,118.31795,1.50962,3,0.167
43,46,smoldering,11,113.6,10.3,11.8,60.0,VIIRS-NOAA20+VIIRS-SNPP,congo,5.3741,25.0165,20.72711,5.26786,31.83336,5.63994,4,0.0
53,47,smoldering,8,106.6,13.3,14.9,65.0,MODIS-Aqua+VIIRS-NOAA20+VIIRS-NOAA21,congo,5.3647,24.7994,24.45492,5.12474,25.22097,5.64203,3,0.0
56,48,active,41,88.5,2.2,3.4,60.0,VIIRS-NOAA20+VIIRS-NOAA21+VIIRS-SNPP,borneo,3.3591,113.2389,113.0617,3.22385,115.19238,3.67312,4,0.854
57,49,smoldering,15,62.9,4.2,4.8,60.0,VIIRS-NOAA20+VIIRS-NOAA21+VIIRS-SNPP,borneo,3.7626,114.739,112.06481,3.60347,116.90089,3.90272,5,0.267
28,50,smoldering,6,59.3,9.9,10.3,50.8,MODIS-Aqua+VIIRS-NOAA20+VIIRS-NOAA21+VIIRS-SNPP,amazon,3.1827,-72.4667,-73.75119,3.03875,-71.81431,3.46569,2,0.0
